Iteration,Discriminator Loss,Generator Loss
0,1.567423,0.690705
0,1.567423,0.690705
10,0.618054,0.820325
10,0.618054,0.820325
20,0.332135,1.398019
20,0.332135,1.398019
30,0.206738,2.481372
30,0.206738,2.481372
40,0.303755,2.599890
40,0.303755,2.599890
50,0.476444,2.366252
50,0.476444,2.366252
60,0.722575,1.572148
60,0.722575,1.572148
70,0.989587,1.271319
70,0.989587,1.271319
80,1.153671,1.128557
80,1.153671,1.128557
90,1.325245,0.901544
90,1.325245,0.901544
100,1.363127,0.783082
100,1.363127,0.783082
110,1.398352,0.788598
110,1.398352,0.788598
120,1.377742,0.708480
120,1.377742,0.708480
130,1.374328,0.660996
130,1.374328,0.660996
140,1.382303,0.682146
140,1.382303,0.682146
150,1.356649,0.658398
150,1.356649,0.658398
160,1.380731,0.699289
160,1.380731,0.699289
170,1.391687,0.680739
170,1.391687,0.680739
180,1.361982,0.690844
180,1.361982,0.690844
190,1.386321,0.709337
190,1.386321,0.709337
200,1.375832,0.696644
200,1.375832,0.696644
210,1.379304,0.695700
210,1.379304,0.695700
220,1.380075,0.678875
220,1.380075,0.678875
230,1.387420,0.677258
230,1.387420,0.677258
240,1.378387,0.685839
240,1.378387,0.685839
250,1.380235,0.695308
250,1.380235,0.695308
260,1.379485,0.705588
260,1.379485,0.705588
270,1.378720,0.683464
270,1.378720,0.683464
280,1.379719,0.742207
280,1.379719,0.742207
290,1.380296,0.691229
290,1.380296,0.691229
300,1.384114,0.709157
300,1.384114,0.709157
310,1.377600,0.709075
310,1.377600,0.709075
320,1.382467,0.693939
320,1.382467,0.693939
330,1.378825,0.707016
330,1.378825,0.707016
340,1.384220,0.694366
340,1.384220,0.694366
350,1.378651,0.697032
350,1.378651,0.697032
360,1.377955,0.659720
360,1.377955,0.659720
370,1.381106,0.702482
370,1.381106,0.702482
380,1.380977,0.693682
380,1.380977,0.693682
390,1.384409,0.690793
390,1.384409,0.690793
400,1.378249,0.701538
400,1.378249,0.701538
410,1.379209,0.693087
410,1.379209,0.693087
420,1.383335,0.689840
420,1.383335,0.689840
430,1.382423,0.662449
430,1.382423,0.662449
440,1.386326,0.698913
440,1.386326,0.698913
450,1.370205,0.689264
450,1.370205,0.689264
460,1.382523,0.672632
460,1.382523,0.672632
470,1.386973,0.687683
470,1.386973,0.687683
480,1.381138,0.690787
480,1.381138,0.690787
490,1.377949,0.690887
490,1.377949,0.690887
500,1.392367,0.649530
500,1.392367,0.649530
510,1.378134,0.691816
510,1.378134,0.691816
520,1.376348,0.688998
520,1.376348,0.688998
530,1.385931,0.689075
530,1.385931,0.689075
540,1.380389,0.664876
540,1.380389,0.664876
550,1.381178,0.686579
550,1.381178,0.686579
560,1.373516,0.713168
560,1.373516,0.713168
570,1.368925,0.687087
570,1.368925,0.687087
580,1.377230,0.695289
580,1.377230,0.695289
590,1.379493,0.698003
590,1.379493,0.698003
600,1.385141,0.680265
600,1.385141,0.680265
610,1.382773,0.676563
610,1.382773,0.676563
620,1.372745,0.692497
620,1.372745,0.692497
630,1.364188,0.721776
630,1.364188,0.721776
640,1.378524,0.696374
640,1.378524,0.696374
650,1.382680,0.660702
650,1.382680,0.660702
660,1.393677,0.664192
660,1.393677,0.664192
670,1.380703,0.701576
670,1.380703,0.701576
680,1.381228,0.689231
680,1.381228,0.689231
690,1.378618,0.708666
690,1.378618,0.708666
700,1.360883,0.674298
700,1.360883,0.674298
710,1.391814,0.693616
710,1.391814,0.693616
720,1.357198,0.668602
720,1.357198,0.668602
730,1.363321,0.665646
730,1.363321,0.665646
740,1.352777,0.718816
740,1.352777,0.718816
750,1.378108,0.672523
750,1.378108,0.672523
760,1.384111,0.682158
760,1.384111,0.682158
770,1.383986,0.675026
770,1.383986,0.675026
780,1.381120,0.684062
780,1.381120,0.684062
790,1.385015,0.676558
790,1.385015,0.676558
800,1.372759,0.715235
800,1.372759,0.715235
810,1.346449,0.689098
810,1.346449,0.689098
820,1.378182,0.690418
820,1.378182,0.690418
830,1.381328,0.689044
830,1.381328,0.689044
840,1.380415,0.687822
840,1.380415,0.687822
850,1.380026,0.699561
850,1.380026,0.699561
860,1.367135,0.671242
860,1.367135,0.671242
870,1.378364,0.694024
870,1.378364,0.694024
880,1.389850,0.674471
880,1.389850,0.674471
890,1.383919,0.670194
890,1.383919,0.670194
900,1.380852,0.671130
900,1.380852,0.671130
910,1.378966,0.708246
910,1.378966,0.708246
920,1.378579,0.685440
920,1.378579,0.685440
930,1.368658,0.666421
930,1.368658,0.666421
940,1.383891,0.689028
940,1.383891,0.689028
950,1.385674,0.675989
950,1.385674,0.675989
960,1.345647,0.697946
960,1.345647,0.697946
970,1.378971,0.674305
970,1.378971,0.674305
980,1.377069,0.649506
980,1.377069,0.649506
990,1.308564,0.674595
990,1.308564,0.674595
1000,1.365876,0.636736
1000,1.365876,0.636736
1010,1.381876,0.705983
1010,1.381876,0.705983
1020,1.377580,0.677937
1020,1.377580,0.677937
1030,1.374578,0.686229
1030,1.374578,0.686229
1040,1.375266,0.681555
1040,1.375266,0.681555
1050,1.387119,0.698959
1050,1.387119,0.698959
1060,1.357521,0.678624
1060,1.357521,0.678624
1070,1.368956,0.701407
1070,1.368956,0.701407
1080,1.391546,0.693940
1080,1.391546,0.693940
1090,1.321586,0.648824
1090,1.321586,0.648824
1100,1.381794,0.698693
1100,1.381794,0.698693
1110,1.387185,0.676906
1110,1.387185,0.676906
1120,1.371621,0.711500
1120,1.371621,0.711500
1130,1.376299,0.680625
1130,1.376299,0.680625
1140,1.377079,0.675400
1140,1.377079,0.675400
1150,1.356990,0.679889
1150,1.356990,0.679889
1160,1.385474,0.694653
1160,1.385474,0.694653
1170,1.341947,0.630242
1170,1.341947,0.630242
1180,1.369565,0.672050
1180,1.369565,0.672050
1190,1.362630,0.664891
1190,1.362630,0.664891
1200,1.339074,0.651024
1200,1.339074,0.651024
1210,1.381239,0.694486
1210,1.381239,0.694486
1220,1.352066,0.684584
1220,1.352066,0.684584
1230,1.378235,0.684021
1230,1.378235,0.684021
1240,1.386250,0.669108
1240,1.386250,0.669108
1250,1.362988,0.663157
1250,1.362988,0.663157
1260,1.379384,0.694261
1260,1.379384,0.694261
1270,1.334009,0.656801
1270,1.334009,0.656801
1280,1.371645,0.643728
1280,1.371645,0.643728
1290,1.374198,0.673105
1290,1.374198,0.673105
1300,1.330889,0.713519
1300,1.330889,0.713519
1310,1.375451,0.630254
1310,1.375451,0.630254
1320,1.375376,0.656364
1320,1.375376,0.656364
1330,1.352048,0.668837
1330,1.352048,0.668837
1340,1.381817,0.663972
1340,1.381817,0.663972
1350,1.364741,0.706668
1350,1.364741,0.706668
1360,1.366725,0.650771
1360,1.366725,0.650771
1370,1.326688,0.559366
1370,1.326688,0.559366
1380,1.361821,0.637313
1380,1.361821,0.637313
1390,1.369423,0.666356
1390,1.369423,0.666356
1400,1.373343,0.670544
1400,1.373343,0.670544
1410,1.338243,0.645003
1410,1.338243,0.645003
1420,1.361182,0.703815
1420,1.361182,0.703815
1430,1.348984,0.629284
1430,1.348984,0.629284
1440,1.344074,0.620136
1440,1.344074,0.620136
1450,1.349427,0.630447
1450,1.349427,0.630447
1460,1.376365,0.696125
1460,1.376365,0.696125
1470,1.326377,0.661088
1470,1.326377,0.661088
1480,1.373275,0.638727
1480,1.373275,0.638727
1490,1.371723,0.653333
1490,1.371723,0.653333
1500,1.361799,0.638011
1500,1.361799,0.638011
1510,1.369232,0.704924
1510,1.369232,0.704924
1520,1.347956,0.631709
1520,1.347956,0.631709
1530,1.375743,0.683506
1530,1.375743,0.683506
1540,1.370230,0.697265
1540,1.370230,0.697265
1550,1.373032,0.686052
1550,1.373032,0.686052
1560,1.355888,0.681486
1560,1.355888,0.681486
1570,1.383955,0.681117
1570,1.383955,0.681117
1580,1.362787,0.672725
1580,1.362787,0.672725
1590,1.356653,0.626564
1590,1.356653,0.626564
1600,1.377300,0.630019
1600,1.377300,0.630019
1610,1.314455,0.535271
1610,1.314455,0.535271
1620,1.357227,0.682443
1620,1.357227,0.682443
1630,1.334470,0.615044
1630,1.334470,0.615044
1640,1.355828,0.702964
1640,1.355828,0.702964
1650,1.318469,0.607964
1650,1.318469,0.607964
1660,1.354987,0.616667
1660,1.354987,0.616667
1670,1.370523,0.685088
1670,1.370523,0.685088
1680,1.289561,0.578679
1680,1.289561,0.578679
1690,1.303391,0.654643
1690,1.303391,0.654643
1700,1.250046,0.638990
1700,1.250046,0.638990
1710,1.333605,0.659287
1710,1.333605,0.659287
1720,1.303764,0.633354
1720,1.303764,0.633354
1730,1.265545,0.621496
1730,1.265545,0.621496
1740,1.322116,0.619098
1740,1.322116,0.619098
1750,1.233602,0.614386
1750,1.233602,0.614386
1760,1.321179,0.629792
1760,1.321179,0.629792
1770,1.315599,0.583227
1770,1.315599,0.583227
1780,1.266658,0.611901
1780,1.266658,0.611901
1790,1.213495,0.548371
1790,1.213495,0.548371
1800,1.296457,0.599505
1800,1.296457,0.599505
1810,1.241114,0.584803
1810,1.241114,0.584803
1820,1.283970,0.622846
1820,1.283970,0.622846
1830,1.296386,0.638959
1830,1.296386,0.638959
1840,1.267961,0.582450
1840,1.267961,0.582450
1850,1.283242,0.568548
1850,1.283242,0.568548
1860,1.242698,0.582498
1860,1.242698,0.582498
1870,1.301565,0.586760
1870,1.301565,0.586760
1880,1.287876,0.624958
1880,1.287876,0.624958
1890,1.316890,0.614588
1890,1.316890,0.614588
1900,1.226485,0.536437
1900,1.226485,0.536437
1910,1.199424,0.602058
1910,1.199424,0.602058
1920,1.248747,0.574716
1920,1.248747,0.574716
1930,1.253209,0.566913
1930,1.253209,0.566913
1940,1.216853,0.540219
1940,1.216853,0.540219
1950,1.270479,0.587142
1950,1.270479,0.587142
1960,1.241266,0.519595
1960,1.241266,0.519595
1970,1.234844,0.563610
1970,1.234844,0.563610
1980,1.208893,0.586116
1980,1.208893,0.586116
1990,1.250196,0.578205
1990,1.250196,0.578205
2000,1.199135,0.553178
2000,1.199135,0.553178
2010,1.253312,0.547979
2010,1.253312,0.547979
2020,1.224915,0.539117
2020,1.224915,0.539117
2030,1.234129,0.598260
2030,1.234129,0.598260
2040,1.198564,0.559053
2040,1.198564,0.559053
2050,1.220098,0.592113
2050,1.220098,0.592113
2060,1.252385,0.565943
2060,1.252385,0.565943
2070,1.296572,0.754821
2070,1.296572,0.754821
2080,1.211193,0.604538
2080,1.211193,0.604538
2090,1.268259,0.598234
2090,1.268259,0.598234
2100,1.235170,0.530260
2100,1.235170,0.530260
2110,1.214313,0.543289
2110,1.214313,0.543289
2120,1.250858,0.569407
2120,1.250858,0.569407
2130,1.293825,0.558683
2130,1.293825,0.558683
2140,1.243508,0.552521
2140,1.243508,0.552521
2150,1.202877,0.589825
2150,1.202877,0.589825
2160,1.152531,0.529209
2160,1.152531,0.529209
2170,1.266151,0.526646
2170,1.266151,0.526646
2180,1.260562,0.586853
2180,1.260562,0.586853
2190,1.208779,0.533116
2190,1.208779,0.533116
2200,1.238846,0.540516
2200,1.238846,0.540516
2210,1.219714,0.598403
2210,1.219714,0.598403
2220,1.084668,0.514065
2220,1.084668,0.514065
2230,1.167500,0.539018
2230,1.167500,0.539018
2240,1.068158,0.494430
2240,1.068158,0.494430
2250,1.167574,0.531991
2250,1.167574,0.531991
2260,1.120268,0.513899
2260,1.120268,0.513899
2270,1.264121,0.609852
2270,1.264121,0.609852
2280,1.123856,0.531273
2280,1.123856,0.531273
2290,1.138070,0.519336
2290,1.138070,0.519336
2300,1.138388,0.516360
2300,1.138388,0.516360
2310,1.145355,0.542953
2310,1.145355,0.542953
2320,1.095131,0.519865
2320,1.095131,0.519865
2330,1.116641,0.579054
2330,1.116641,0.579054
2340,1.217917,0.537065
2340,1.217917,0.537065
2350,1.114754,0.511970
2350,1.114754,0.511970
2360,1.185744,0.570716
2360,1.185744,0.570716
2370,1.174931,0.520159
2370,1.174931,0.520159
2380,1.252837,0.615586
2380,1.252837,0.615586
2390,1.194454,0.570040
2390,1.194454,0.570040
2400,1.268846,0.582210
2400,1.268846,0.582210
2410,1.165470,0.458035
2410,1.165470,0.458035
2420,1.101937,0.504273
2420,1.101937,0.504273
2430,1.225337,0.546418
2430,1.225337,0.546418
2440,1.163767,0.519387
2440,1.163767,0.519387
2450,1.182423,0.511508
2450,1.182423,0.511508
2460,1.241971,0.565399
2460,1.241971,0.565399
2470,1.185631,0.557723
2470,1.185631,0.557723
2480,1.185105,0.549749
2480,1.185105,0.549749
2490,1.167420,0.613247
2490,1.167420,0.613247
2500,1.234112,0.613551
2500,1.234112,0.613551
2510,1.199339,0.504769
2510,1.199339,0.504769
2520,1.247798,0.587003
2520,1.247798,0.587003
2530,1.205188,0.574180
2530,1.205188,0.574180
2540,1.208366,0.607478
2540,1.208366,0.607478
2550,1.186336,0.612127
2550,1.186336,0.612127
2560,1.221624,0.753469
2560,1.221624,0.753469
2570,1.268572,0.547624
2570,1.268572,0.547624
2580,1.263045,0.605315
2580,1.263045,0.605315
2590,1.301858,0.601359
2590,1.301858,0.601359
2600,1.175319,0.629510
2600,1.175319,0.629510
2610,1.200262,0.580006
2610,1.200262,0.580006
2620,1.236161,0.607044
2620,1.236161,0.607044
2630,1.258785,0.612307
2630,1.258785,0.612307
2640,1.151039,0.437280
2640,1.151039,0.437280
2650,1.263325,0.684841
2650,1.263325,0.684841
2660,1.292710,0.676189
2660,1.292710,0.676189
2670,1.218190,0.577130
2670,1.218190,0.577130
2680,1.278995,0.572397
2680,1.278995,0.572397
2690,1.208663,0.558164
2690,1.208663,0.558164
2700,1.259252,0.593901
2700,1.259252,0.593901
2710,1.275283,0.556656
2710,1.275283,0.556656
2720,1.224804,0.560102
2720,1.224804,0.560102
2730,1.279064,0.570175
2730,1.279064,0.570175
2740,1.290682,0.613364
2740,1.290682,0.613364
2750,1.187340,0.564990
2750,1.187340,0.564990
2760,1.229968,0.638240
2760,1.229968,0.638240
2770,1.300741,0.660974
2770,1.300741,0.660974
2780,1.260029,0.599325
2780,1.260029,0.599325
2790,1.345333,0.665310
2790,1.345333,0.665310
2800,1.288588,0.621254
2800,1.288588,0.621254
2810,1.297789,0.670831
2810,1.297789,0.670831
2820,1.305633,0.605106
2820,1.305633,0.605106
2830,1.283396,0.601581
2830,1.283396,0.601581
2840,1.312284,0.616793
2840,1.312284,0.616793
2850,1.320545,0.646988
2850,1.320545,0.646988
2860,1.234193,0.545327
2860,1.234193,0.545327
2870,1.281989,0.605885
2870,1.281989,0.605885
2880,1.287321,0.692231
2880,1.287321,0.692231
2890,1.284235,0.595402
2890,1.284235,0.595402
2900,1.299123,0.597810
2900,1.299123,0.597810
2910,1.326810,0.639746
2910,1.326810,0.639746
2920,1.317445,0.642855
2920,1.317445,0.642855
2930,1.297199,0.634706
2930,1.297199,0.634706
2940,1.199584,0.524357
2940,1.199584,0.524357
2950,1.217606,0.580899
2950,1.217606,0.580899
2960,1.200058,0.701078
2960,1.200058,0.701078
2970,1.292978,0.616510
2970,1.292978,0.616510
2980,1.307060,0.571960
2980,1.307060,0.571960
2990,1.301626,0.567697
2990,1.301626,0.567697
3000,1.297067,0.570813
3000,1.297067,0.570813
3010,1.344410,0.650376
3010,1.344410,0.650376
3020,1.275374,0.682607
3020,1.275374,0.682607
3030,1.309829,0.631067
3030,1.309829,0.631067
3040,1.273324,0.618049
3040,1.273324,0.618049
3050,1.300125,0.638311
3050,1.300125,0.638311
3060,1.305576,0.640570
3060,1.305576,0.640570
3070,1.251365,0.579881
3070,1.251365,0.579881
3080,1.282777,0.627277
3080,1.282777,0.627277
3090,1.291769,0.585775
3090,1.291769,0.585775
3100,1.279518,0.688641
3100,1.279518,0.688641
3110,1.258492,0.544234
3110,1.258492,0.544234
3120,1.316471,0.671216
3120,1.316471,0.671216
3130,1.308708,0.632696
3130,1.308708,0.632696
3140,1.264673,0.739002
3140,1.264673,0.739002
3150,1.284705,0.803147
3150,1.284705,0.803147
3160,1.268124,0.594209
3160,1.268124,0.594209
3170,1.254987,0.470506
3170,1.254987,0.470506
3180,1.290022,0.720669
3180,1.290022,0.720669
3190,1.266334,0.579007
3190,1.266334,0.579007
3200,1.346823,0.601101
3200,1.346823,0.601101
3210,1.276943,0.608241
3210,1.276943,0.608241
3220,1.308296,0.699342
3220,1.308296,0.699342
3230,1.293987,0.879375
3230,1.293987,0.879375
3240,1.265765,0.875191
3240,1.265765,0.875191
3250,1.269271,0.571600
3250,1.269271,0.571600
3260,1.266732,0.615793
3260,1.266732,0.615793
3270,1.307617,0.695679
3270,1.307617,0.695679
3280,1.291609,0.618359
3280,1.291609,0.618359
3290,1.294239,0.654157
3290,1.294239,0.654157
3300,1.275437,0.648884
3300,1.275437,0.648884
3310,1.270201,0.595620
3310,1.270201,0.595620
3320,1.353574,0.645025
3320,1.353574,0.645025
3330,1.314546,0.661036
3330,1.314546,0.661036
3340,1.291269,0.608065
3340,1.291269,0.608065
3350,1.310577,0.637785
3350,1.310577,0.637785
3360,1.263719,0.631129
3360,1.263719,0.631129
3370,1.297866,0.645925
3370,1.297866,0.645925
3380,1.261247,0.549071
3380,1.261247,0.549071
3390,1.247914,0.571254
3390,1.247914,0.571254
3400,1.316384,0.685047
3400,1.316384,0.685047
3410,1.262308,0.689450
3410,1.262308,0.689450
3420,1.331499,0.615015
3420,1.331499,0.615015
3430,1.310905,0.640964
3430,1.310905,0.640964
3440,1.282029,0.669231
3440,1.282029,0.669231
3450,1.274849,0.665426
3450,1.274849,0.665426
3460,1.304801,0.619364
3460,1.304801,0.619364
3470,1.280505,0.820419
3470,1.280505,0.820419
3480,1.291868,0.652822
3480,1.291868,0.652822
3490,1.287911,0.756725
3490,1.287911,0.756725
3500,1.307303,0.811519
3500,1.307303,0.811519
3510,1.342905,0.668023
3510,1.342905,0.668023
3520,1.257764,0.682540
3520,1.257764,0.682540
3530,1.282085,0.659301
3530,1.282085,0.659301
3540,1.337385,0.642923
3540,1.337385,0.642923
3550,1.339990,0.654506
3550,1.339990,0.654506
3560,1.315559,0.651681
3560,1.315559,0.651681
3570,1.296104,0.604655
3570,1.296104,0.604655
3580,1.312427,0.633501
3580,1.312427,0.633501
3590,1.228188,0.522690
3590,1.228188,0.522690
3600,1.276593,0.600565
3600,1.276593,0.600565
3610,1.324181,0.806358
3610,1.324181,0.806358
3620,1.234333,0.652927
3620,1.234333,0.652927
3630,1.306994,0.628022
3630,1.306994,0.628022
3640,1.326092,0.644482
3640,1.326092,0.644482
3650,1.289296,0.669629
3650,1.289296,0.669629
3660,1.318272,0.718606
3660,1.318272,0.718606
3670,1.289641,0.682136
3670,1.289641,0.682136
3680,1.262791,0.690151
3680,1.262791,0.690151
3690,1.332077,0.686862
3690,1.332077,0.686862
3700,1.320377,0.724171
3700,1.320377,0.724171
3710,1.314981,0.732665
3710,1.314981,0.732665
3720,1.313341,0.775923
3720,1.313341,0.775923
3730,1.286089,0.677729
3730,1.286089,0.677729
3740,1.274616,0.806822
3740,1.274616,0.806822
3750,1.313453,0.834684
3750,1.313453,0.834684
3760,1.308700,0.597883
3760,1.308700,0.597883
3770,1.298354,0.677402
3770,1.298354,0.677402
3780,1.307953,0.662108
3780,1.307953,0.662108
3790,1.308181,0.677626
3790,1.308181,0.677626
3800,1.273194,0.690008
3800,1.273194,0.690008
3810,1.284477,0.664245
3810,1.284477,0.664245
3820,1.264695,0.657755
3820,1.264695,0.657755
3830,1.330721,0.744798
3830,1.330721,0.744798
3840,1.272092,0.752460
3840,1.272092,0.752460
3850,1.283528,0.685568
3850,1.283528,0.685568
3860,1.312171,0.687292
3860,1.312171,0.687292
3870,1.328625,0.720568
3870,1.328625,0.720568
3880,1.241839,0.643420
3880,1.241839,0.643420
3890,1.284429,0.700297
3890,1.284429,0.700297
3900,1.239940,0.593153
3900,1.239940,0.593153
3910,1.301872,0.817733
3910,1.301872,0.817733
3920,1.321011,0.626164
3920,1.321011,0.626164
3930,1.282158,0.824260
3930,1.282158,0.824260
3940,1.321974,0.661603
3940,1.321974,0.661603
3950,1.322169,0.744221
3950,1.322169,0.744221
3960,1.274537,0.666453
3960,1.274537,0.666453
3970,1.303394,0.701453
3970,1.303394,0.701453
3980,1.255360,0.606309
3980,1.255360,0.606309
3990,1.313482,0.704756
3990,1.313482,0.704756
4000,1.297553,0.694987
4000,1.297553,0.694987
4010,1.321874,0.736739
4010,1.321874,0.736739
4020,1.241060,0.823111
4020,1.241060,0.823111
4030,1.317912,0.698232
4030,1.317912,0.698232
4040,1.321816,0.666069
4040,1.321816,0.666069
4050,1.295337,0.687554
4050,1.295337,0.687554
4060,1.318925,0.684484
4060,1.318925,0.684484
4070,1.237456,0.762922
4070,1.237456,0.762922
4080,1.321931,0.724297
4080,1.321931,0.724297
4090,1.340798,0.832256
4090,1.340798,0.832256
4100,1.249453,0.715260
4100,1.249453,0.715260
4110,1.321412,0.695543
4110,1.321412,0.695543
4120,1.338373,0.690017
4120,1.338373,0.690017
4130,1.302166,0.885192
4130,1.302166,0.885192
4140,1.269846,0.595874
4140,1.269846,0.595874
4150,1.234290,0.644403
4150,1.234290,0.644403
4160,1.287772,0.737188
4160,1.287772,0.737188
4170,1.312513,0.749648
4170,1.312513,0.749648
4180,1.317995,0.683517
4180,1.317995,0.683517
4190,1.286037,0.681777
4190,1.286037,0.681777
4200,1.284397,0.675352
4200,1.284397,0.675352
4210,1.294854,0.869131
4210,1.294854,0.869131
4220,1.285899,0.773088
4220,1.285899,0.773088
4230,1.306024,0.656917
4230,1.306024,0.656917
4240,1.318602,0.659514
4240,1.318602,0.659514
4250,1.290840,0.670909
4250,1.290840,0.670909
4260,1.318766,0.669617
4260,1.318766,0.669617
4270,1.262298,0.661255
4270,1.262298,0.661255
4280,1.323655,0.668417
4280,1.323655,0.668417
4290,1.311996,0.658371
4290,1.311996,0.658371
4300,1.218532,0.577202
4300,1.218532,0.577202
4310,1.271404,0.684584
4310,1.271404,0.684584
4320,1.314038,0.685601
4320,1.314038,0.685601
4330,1.289876,0.658800
4330,1.289876,0.658800
4340,1.370466,0.645428
4340,1.370466,0.645428
4350,1.321294,0.642509
4350,1.321294,0.642509
4360,1.268663,0.646742
4360,1.268663,0.646742
4370,1.272242,0.626799
4370,1.272242,0.626799
4380,1.272386,0.560868
4380,1.272386,0.560868
4390,1.283819,0.602913
4390,1.283819,0.602913
4400,1.331116,0.682594
4400,1.331116,0.682594
4410,1.342358,0.781408
4410,1.342358,0.781408
4420,1.273642,0.702016
4420,1.273642,0.702016
4430,1.338355,0.705261
4430,1.338355,0.705261
4440,1.319961,0.661621
4440,1.319961,0.661621
4450,1.267367,0.640918
4450,1.267367,0.640918
4460,1.316214,0.659348
4460,1.316214,0.659348
4470,1.272003,0.692211
4470,1.272003,0.692211
4480,1.301445,0.642739
4480,1.301445,0.642739
4490,1.251034,0.772245
4490,1.251034,0.772245
4500,1.319241,0.672884
4500,1.319241,0.672884
4510,1.263330,0.625765
4510,1.263330,0.625765
4520,1.228485,0.668327
4520,1.228485,0.668327
4530,1.309797,0.645531
4530,1.309797,0.645531
4540,1.296560,0.652170
4540,1.296560,0.652170
4550,1.292193,0.667117
4550,1.292193,0.667117
4560,1.304599,0.659951
4560,1.304599,0.659951
4570,1.263220,0.614806
4570,1.263220,0.614806
4580,1.168813,0.649013
4580,1.168813,0.649013
4590,1.326833,0.739053
4590,1.326833,0.739053
4600,1.283136,0.652793
4600,1.283136,0.652793
4610,1.277021,0.636137
4610,1.277021,0.636137
4620,1.313679,0.680742
4620,1.313679,0.680742
4630,1.284702,0.671875
4630,1.284702,0.671875
4640,1.292959,0.702577
4640,1.292959,0.702577
4650,1.272928,0.659646
4650,1.272928,0.659646
4660,1.260963,0.639289
4660,1.260963,0.639289
4670,1.237239,0.617299
4670,1.237239,0.617299
4680,1.320074,0.775530
4680,1.320074,0.775530
4690,1.238330,0.634627
4690,1.238330,0.634627
4700,1.286070,0.832093
4700,1.286070,0.832093
4710,1.313926,0.726962
4710,1.313926,0.726962
4720,1.282976,0.628199
4720,1.282976,0.628199
4730,1.289411,0.586378
4730,1.289411,0.586378
4740,1.266343,0.663593
4740,1.266343,0.663593
4750,1.364712,0.771310
4750,1.364712,0.771310
4760,1.331301,0.625327
4760,1.331301,0.625327
4770,1.308760,0.752905
4770,1.308760,0.752905
4780,1.290256,0.680503
4780,1.290256,0.680503
4790,1.296856,0.889861
4790,1.296856,0.889861
4800,1.302176,1.021079
4800,1.302176,1.021079
4810,1.297964,0.699137
4810,1.297964,0.699137
4820,1.252908,0.616441
4820,1.252908,0.616441
4830,1.289594,0.812939
4830,1.289594,0.812939
4840,1.300147,0.698196
4840,1.300147,0.698196
4850,1.344792,0.688947
4850,1.344792,0.688947
4860,1.290982,0.677157
4860,1.290982,0.677157
4870,1.176461,0.588075
4870,1.176461,0.588075
4880,1.327836,0.690846
4880,1.327836,0.690846
4890,1.285177,0.686601
4890,1.285177,0.686601
4900,1.282828,0.652730
4900,1.282828,0.652730
4910,1.303870,0.695940
4910,1.303870,0.695940
4920,1.291595,0.825442
4920,1.291595,0.825442
4930,1.314758,0.762946
4930,1.314758,0.762946
4940,1.308923,0.877125
4940,1.308923,0.877125
4950,1.289198,0.799814
4950,1.289198,0.799814
4960,1.356403,0.759917
4960,1.356403,0.759917
4970,1.296141,0.822712
4970,1.296141,0.822712
4980,1.214366,0.756184
4980,1.214366,0.756184
4990,1.338254,0.658809
4990,1.338254,0.658809
5000,1.326364,0.657202
5000,1.326364,0.657202
5010,1.273028,0.663928
5010,1.273028,0.663928
5020,1.299686,0.640994
5020,1.299686,0.640994
5030,1.289340,0.673677
5030,1.289340,0.673677
5040,1.261392,0.638981
5040,1.261392,0.638981
5050,1.286436,0.682190
5050,1.286436,0.682190
5060,1.317542,0.719917
5060,1.317542,0.719917
5070,1.326826,0.963462
5070,1.326826,0.963462
5080,1.272052,0.703867
5080,1.272052,0.703867
5090,1.276896,0.726104
5090,1.276896,0.726104
5100,1.311339,0.818803
5100,1.311339,0.818803
5110,1.239486,0.598737
5110,1.239486,0.598737
5120,1.257425,0.666814
5120,1.257425,0.666814
5130,1.300273,0.761928
5130,1.300273,0.761928
5140,1.280866,0.643628
5140,1.280866,0.643628
5150,1.284872,0.697841
5150,1.284872,0.697841
5160,1.324130,0.765616
5160,1.324130,0.765616
5170,1.250072,0.582545
5170,1.250072,0.582545
5180,1.314531,0.735056
5180,1.314531,0.735056
5190,1.281150,0.783224
5190,1.281150,0.783224
5200,1.290008,0.796759
5200,1.290008,0.796759
5210,1.274793,0.718258
5210,1.274793,0.718258
5220,1.255093,0.674897
5220,1.255093,0.674897
5230,1.256910,0.652476
5230,1.256910,0.652476
5240,1.346865,0.734063
5240,1.346865,0.734063
5250,1.236693,0.788965
5250,1.236693,0.788965
5260,1.312091,0.777113
5260,1.312091,0.777113
5270,1.251251,0.666399
5270,1.251251,0.666399
5280,1.258711,0.604947
5280,1.258711,0.604947
5290,1.307489,0.717658
5290,1.307489,0.717658
5300,1.278548,0.749894
5300,1.278548,0.749894
5310,1.253522,0.863220
5310,1.253522,0.863220
5320,1.291967,0.605433
5320,1.291967,0.605433
5330,1.317404,0.618905
5330,1.317404,0.618905
5340,1.269595,0.626853
5340,1.269595,0.626853
5350,1.254089,0.691440
5350,1.254089,0.691440
5360,1.337906,0.809299
5360,1.337906,0.809299
5370,1.261829,0.651424
5370,1.261829,0.651424
5380,1.321696,0.659074
5380,1.321696,0.659074
5390,1.282311,0.667962
5390,1.282311,0.667962
5400,1.272439,0.765633
5400,1.272439,0.765633
5410,1.291766,0.664256
5410,1.291766,0.664256
5420,1.273719,0.753912
5420,1.273719,0.753912
5430,1.312006,0.712294
5430,1.312006,0.712294
5440,1.293165,0.788713
5440,1.293165,0.788713
5450,1.290265,0.790490
5450,1.290265,0.790490
5460,1.228408,0.693436
5460,1.228408,0.693436
5470,1.307960,0.707889
5470,1.307960,0.707889
5480,1.290100,0.684868
5480,1.290100,0.684868
5490,1.239504,0.600914
5490,1.239504,0.600914
5500,1.307288,0.712102
5500,1.307288,0.712102
5510,1.252725,0.731439
5510,1.252725,0.731439
5520,1.336575,0.712450
5520,1.336575,0.712450
5530,1.264689,0.695552
5530,1.264689,0.695552
5540,1.281482,0.756600
5540,1.281482,0.756600
5550,1.338112,0.837174
5550,1.338112,0.837174
5560,1.289317,0.767578
5560,1.289317,0.767578
5570,1.247497,0.647894
5570,1.247497,0.647894
5580,1.236210,0.639313
5580,1.236210,0.639313
5590,1.322927,0.697006
5590,1.322927,0.697006
5600,1.318940,0.668236
5600,1.318940,0.668236
5610,1.269060,0.730009
5610,1.269060,0.730009
5620,1.342361,0.746521
5620,1.342361,0.746521
5630,1.298284,0.643408
5630,1.298284,0.643408
5640,1.327322,0.706932
5640,1.327322,0.706932
5650,1.239904,0.773387
5650,1.239904,0.773387
5660,1.296848,0.763532
5660,1.296848,0.763532
5670,1.310017,0.874786
5670,1.310017,0.874786
5680,1.306837,0.737018
5680,1.306837,0.737018
5690,1.319796,0.851918
5690,1.319796,0.851918
5700,1.215973,0.682741
5700,1.215973,0.682741
5710,1.231888,0.677177
5710,1.231888,0.677177
5720,1.333632,0.674382
5720,1.333632,0.674382
5730,1.322801,0.636863
5730,1.322801,0.636863
5740,1.304919,0.784375
5740,1.304919,0.784375
5750,1.332655,0.833325
5750,1.332655,0.833325
5760,1.223778,0.821973
5760,1.223778,0.821973
5770,1.296375,0.852881
5770,1.296375,0.852881
5780,1.245009,0.778386
5780,1.245009,0.778386
5790,1.268147,0.782448
5790,1.268147,0.782448
5800,1.255628,0.741331
5800,1.255628,0.741331
5810,1.162308,0.787340
5810,1.162308,0.787340
5820,1.313074,0.758520
5820,1.313074,0.758520
5830,1.271748,0.754205
5830,1.271748,0.754205
5840,1.304230,0.693166
5840,1.304230,0.693166
5850,1.271985,0.690891
5850,1.271985,0.690891
5860,1.313644,0.776795
5860,1.313644,0.776795
5870,1.294111,0.787995
5870,1.294111,0.787995
5880,1.291486,0.675284
5880,1.291486,0.675284
5890,1.307375,0.701192
5890,1.307375,0.701192
5900,1.239229,0.593374
5900,1.239229,0.593374
5910,1.286678,0.900239
5910,1.286678,0.900239
5920,1.267499,0.855800
5920,1.267499,0.855800
5930,1.272263,0.883849
5930,1.272263,0.883849
5940,1.210140,0.743849
5940,1.210140,0.743849
5950,1.281493,0.918940
5950,1.281493,0.918940
5960,1.298277,0.728581
5960,1.298277,0.728581
5970,1.310521,0.787682
5970,1.310521,0.787682
5980,1.181441,0.650186
5980,1.181441,0.650186
5990,1.320188,0.721904
5990,1.320188,0.721904
6000,1.208666,0.675093
6000,1.208666,0.675093
6010,1.272105,0.727583
6010,1.272105,0.727583
6020,1.328176,0.827132
6020,1.328176,0.827132
6030,1.271455,0.854274
6030,1.271455,0.854274
6040,1.294127,0.895780
6040,1.294127,0.895780
6050,1.209738,0.712866
6050,1.209738,0.712866
6060,1.308109,0.859285
6060,1.308109,0.859285
6070,1.296032,1.015027
6070,1.296032,1.015027
6080,1.211599,0.729956
6080,1.211599,0.729956
6090,1.275065,0.799076
6090,1.275065,0.799076
6100,1.303477,0.714419
6100,1.303477,0.714419
6110,1.372239,0.930123
6110,1.372239,0.930123
6120,1.284448,0.678395
6120,1.284448,0.678395
6130,1.178923,0.631201
6130,1.178923,0.631201
6140,1.282183,0.720057
6140,1.282183,0.720057
6150,1.318077,0.658777
6150,1.318077,0.658777
6160,1.281537,0.728813
6160,1.281537,0.728813
6170,1.307784,0.711556
6170,1.307784,0.711556
6180,1.243496,0.627320
6180,1.243496,0.627320
6190,1.138446,0.651617
6190,1.138446,0.651617
6200,1.304735,0.814242
6200,1.304735,0.814242
6210,1.313219,0.683720
6210,1.313219,0.683720
6220,1.268444,0.772157
6220,1.268444,0.772157
6230,1.258533,0.774690
6230,1.258533,0.774690
6240,1.287277,0.905789
6240,1.287277,0.905789
6250,1.231259,0.711845
6250,1.231259,0.711845
6260,1.306247,0.788785
6260,1.306247,0.788785
6270,1.250334,0.689818
6270,1.250334,0.689818
6280,1.239726,0.740837
6280,1.239726,0.740837
6290,1.318966,0.974172
6290,1.318966,0.974172
6300,1.339710,0.661860
6300,1.339710,0.661860
6310,1.269364,0.747820
6310,1.269364,0.747820
6320,1.205924,0.789093
6320,1.205924,0.789093
6330,1.270672,0.781668
6330,1.270672,0.781668
6340,1.168533,0.803202
6340,1.168533,0.803202
6350,1.136633,0.623721
6350,1.136633,0.623721
6360,1.188973,0.696025
6360,1.188973,0.696025
6370,1.309649,0.599631
6370,1.309649,0.599631
6380,1.204033,0.927646
6380,1.204033,0.927646
6390,1.244470,0.690746
6390,1.244470,0.690746
6400,1.236383,0.683181
6400,1.236383,0.683181
6410,1.280832,0.817331
6410,1.280832,0.817331
6420,1.173183,0.833782
6420,1.173183,0.833782
6430,1.240281,0.675405
6430,1.240281,0.675405
6440,1.266833,0.882773
6440,1.266833,0.882773
6450,1.273587,0.735461
6450,1.273587,0.735461
6460,1.194746,0.716306
6460,1.194746,0.716306
6470,1.291118,0.854968
6470,1.291118,0.854968
6480,1.113078,0.667953
6480,1.113078,0.667953
6490,1.270660,0.782706
6490,1.270660,0.782706
6500,1.264433,0.764344
6500,1.264433,0.764344
6510,1.207622,0.743864
6510,1.207622,0.743864
6520,1.248796,0.730723
6520,1.248796,0.730723
6530,1.144790,0.675295
6530,1.144790,0.675295
6540,1.207743,0.774687
6540,1.207743,0.774687
6550,1.226225,0.734153
6550,1.226225,0.734153
6560,1.176668,0.783278
6560,1.176668,0.783278
6570,1.308974,0.814439
6570,1.308974,0.814439
6580,1.199380,0.757650
6580,1.199380,0.757650
6590,1.244451,0.747771
6590,1.244451,0.747771
6600,1.266651,0.723072
6600,1.266651,0.723072
6610,1.253921,0.837158
6610,1.253921,0.837158
6620,1.245096,0.846073
6620,1.245096,0.846073
6630,1.229731,1.025154
6630,1.229731,1.025154
6640,1.193194,0.872040
6640,1.193194,0.872040
6650,1.162100,0.825510
6650,1.162100,0.825510
6660,1.275507,0.824103
6660,1.275507,0.824103
6670,1.212182,0.764490
6670,1.212182,0.764490
6680,1.149353,1.037301
6680,1.149353,1.037301
6690,1.136556,0.752305
6690,1.136556,0.752305
6700,1.236171,1.042467
6700,1.236171,1.042467
6710,1.123516,0.755004
6710,1.123516,0.755004
6720,1.185225,0.647878
6720,1.185225,0.647878
6730,1.193022,0.907981
6730,1.193022,0.907981
6740,1.123383,0.898992
6740,1.123383,0.898992
6750,1.238550,0.766662
6750,1.238550,0.766662
6760,1.192675,0.704431
6760,1.192675,0.704431
6770,1.191724,0.811720
6770,1.191724,0.811720
6780,1.150902,0.911442
6780,1.150902,0.911442
6790,1.181680,0.871848
6790,1.181680,0.871848
6800,1.172983,0.783252
6800,1.172983,0.783252
6810,1.217289,0.697153
6810,1.217289,0.697153
6820,1.065768,1.010409
6820,1.065768,1.010409
6830,1.168280,0.965944
6830,1.168280,0.965944
6840,1.160887,0.817240
6840,1.160887,0.817240
6850,1.133612,0.678345
6850,1.133612,0.678345
6860,1.192310,0.786702
6860,1.192310,0.786702
6870,1.206324,0.836288
6870,1.206324,0.836288
6880,1.200806,0.784603
6880,1.200806,0.784603
6890,1.180852,0.733890
6890,1.180852,0.733890
6900,1.154274,1.027244
6900,1.154274,1.027244
6910,1.150928,0.857426
6910,1.150928,0.857426
6920,1.119579,0.651886
6920,1.119579,0.651886
6930,1.168476,0.832534
6930,1.168476,0.832534
6940,1.246820,1.009565
6940,1.246820,1.009565
6950,1.123331,0.770634
6950,1.123331,0.770634
6960,1.290653,0.868831
6960,1.290653,0.868831
6970,1.191777,0.974215
6970,1.191777,0.974215
6980,1.190018,1.312855
6980,1.190018,1.312855
6990,1.118644,1.087098
6990,1.118644,1.087098
7000,1.266092,0.880632
7000,1.266092,0.880632
7010,1.057791,0.654971
7010,1.057791,0.654971
7020,1.104646,0.736958
7020,1.104646,0.736958
7030,1.209755,0.863809
7030,1.209755,0.863809
7040,1.148623,0.876809
7040,1.148623,0.876809
7050,1.089579,1.101369
7050,1.089579,1.101369
7060,1.203166,1.026234
7060,1.203166,1.026234
7070,1.078358,0.846069
7070,1.078358,0.846069
7080,1.185421,1.231387
7080,1.185421,1.231387
7090,1.136269,0.882799
7090,1.136269,0.882799
7100,1.147546,1.229876
7100,1.147546,1.229876
7110,0.957797,0.748994
7110,0.957797,0.748994
7120,1.229310,1.101456
7120,1.229310,1.101456
7130,1.164803,1.214470
7130,1.164803,1.214470
7140,1.189450,1.035058
7140,1.189450,1.035058
7150,1.196305,1.101149
7150,1.196305,1.101149
7160,1.170016,0.802897
7160,1.170016,0.802897
7170,1.177451,0.861522
7170,1.177451,0.861522
7180,1.023174,1.003764
7180,1.023174,1.003764
7190,0.979333,0.949973
7190,0.979333,0.949973
7200,1.178765,1.151685
7200,1.178765,1.151685
7210,1.150400,0.875389
7210,1.150400,0.875389
7220,1.173171,0.895628
7220,1.173171,0.895628
7230,1.210109,0.783681
7230,1.210109,0.783681
7240,1.154806,0.854649
7240,1.154806,0.854649
7250,1.166311,0.887262
7250,1.166311,0.887262
7260,1.033502,0.955155
7260,1.033502,0.955155
7270,1.166451,0.794044
7270,1.166451,0.794044
7280,1.059386,0.892261
7280,1.059386,0.892261
7290,1.139906,1.141575
7290,1.139906,1.141575
7300,1.170848,0.814966
7300,1.170848,0.814966
7310,1.142048,0.803676
7310,1.142048,0.803676
7320,1.105448,0.710792
7320,1.105448,0.710792
7330,1.251650,1.258786
7330,1.251650,1.258786
7340,1.136071,1.051551
7340,1.136071,1.051551
7350,1.143827,0.891539
7350,1.143827,0.891539
7360,1.189377,0.772017
7360,1.189377,0.772017
7370,1.179106,0.805158
7370,1.179106,0.805158
7380,1.077111,0.784998
7380,1.077111,0.784998
7390,1.248438,0.979287
7390,1.248438,0.979287
7400,1.051126,0.830755
7400,1.051126,0.830755
7410,1.067689,0.783019
7410,1.067689,0.783019
7420,1.181710,0.833187
7420,1.181710,0.833187
7430,1.123791,0.905937
7430,1.123791,0.905937
7440,1.161158,1.038653
7440,1.161158,1.038653
7450,1.101205,1.126230
7450,1.101205,1.126230
7460,1.199732,0.951170
7460,1.199732,0.951170
7470,1.256718,1.217099
7470,1.256718,1.217099
7480,1.252437,1.216251
7480,1.252437,1.216251
7490,1.148620,1.017023
7490,1.148620,1.017023
7500,1.045748,0.770473
7500,1.045748,0.770473
7510,1.138904,0.828357
7510,1.138904,0.828357
7520,1.185779,1.025283
7520,1.185779,1.025283
7530,1.156728,1.111171
7530,1.156728,1.111171
7540,1.155521,1.310690
7540,1.155521,1.310690
7550,1.210404,0.820135
7550,1.210404,0.820135
7560,1.143021,0.778197
7560,1.143021,0.778197
7570,1.187379,0.821912
7570,1.187379,0.821912
7580,1.116584,0.878882
7580,1.116584,0.878882
7590,1.296437,1.285615
7590,1.296437,1.285615
7600,1.224900,0.895258
7600,1.224900,0.895258
7610,1.127165,0.967545
7610,1.127165,0.967545
7620,1.146007,1.056539
7620,1.146007,1.056539
7630,1.179923,1.134535
7630,1.179923,1.134535
7640,1.180313,1.160086
7640,1.180313,1.160086
7650,1.156541,1.131085
7650,1.156541,1.131085
7660,1.219477,0.938307
7660,1.219477,0.938307
7670,1.049147,1.066406
7670,1.049147,1.066406
7680,1.134333,0.886048
7680,1.134333,0.886048
7690,1.114051,1.102881
7690,1.114051,1.102881
7700,1.116455,1.087914
7700,1.116455,1.087914
7710,1.081991,0.815743
7710,1.081991,0.815743
7720,1.097100,1.116578
7720,1.097100,1.116578
7730,1.155325,0.952458
7730,1.155325,0.952458
7740,1.138567,0.912677
7740,1.138567,0.912677
7750,1.110855,1.037855
7750,1.110855,1.037855
7760,1.033937,0.851273
7760,1.033937,0.851273
7770,1.188562,1.169063
7770,1.188562,1.169063
7780,1.056023,0.981343
7780,1.056023,0.981343
7790,1.181484,1.038448
7790,1.181484,1.038448
7800,1.130207,1.096152
7800,1.130207,1.096152
7810,1.196995,1.021133
7810,1.196995,1.021133
7820,1.183047,1.187467
7820,1.183047,1.187467
7830,0.981460,0.694886
7830,0.981460,0.694886
7840,1.138010,0.898693
7840,1.138010,0.898693
7850,1.153133,0.991797
7850,1.153133,0.991797
7860,1.187793,0.908135
7860,1.187793,0.908135
7870,1.356764,1.180906
7870,1.356764,1.180906
7880,1.183762,0.884272
7880,1.183762,0.884272
7890,1.171794,1.082848
7890,1.171794,1.082848
7900,1.130120,1.248518
7900,1.130120,1.248518
7910,1.107763,1.274758
7910,1.107763,1.274758
7920,1.145268,1.119647
7920,1.145268,1.119647
7930,1.031225,0.974925
7930,1.031225,0.974925
7940,1.176625,1.114271
7940,1.176625,1.114271
7950,0.986954,0.893182
7950,0.986954,0.893182
7960,1.134570,1.099283
7960,1.134570,1.099283
7970,1.214068,0.916584
7970,1.214068,0.916584
7980,1.184703,1.162198
7980,1.184703,1.162198
7990,1.162791,1.266514
7990,1.162791,1.266514
8000,1.123041,1.159088
8000,1.123041,1.159088
8010,1.188424,1.102005
8010,1.188424,1.102005
8020,1.123926,1.307329
8020,1.123926,1.307329
8030,1.137704,1.345933
8030,1.137704,1.345933
8040,1.039508,1.317094
8040,1.039508,1.317094
8050,1.316132,1.329616
8050,1.316132,1.329616
8060,1.169889,1.116965
8060,1.169889,1.116965
8070,1.170819,1.026391
8070,1.170819,1.026391
8080,1.136853,1.072466
8080,1.136853,1.072466
8090,1.061479,0.847867
8090,1.061479,0.847867
8100,1.222411,1.085464
8100,1.222411,1.085464
8110,1.130700,1.159730
8110,1.130700,1.159730
8120,1.121654,1.158742
8120,1.121654,1.158742
8130,1.217532,1.051791
8130,1.217532,1.051791
8140,1.083695,1.166680
8140,1.083695,1.166680
8150,1.216424,1.161362
8150,1.216424,1.161362
8160,1.107245,1.017997
8160,1.107245,1.017997
8170,1.112048,1.175146
8170,1.112048,1.175146
8180,1.085354,1.325937
8180,1.085354,1.325937
8190,1.173719,1.334773
8190,1.173719,1.334773
8200,1.144242,1.430331
8200,1.144242,1.430331
8210,1.112117,1.348169
8210,1.112117,1.348169
8220,1.160565,1.021732
8220,1.160565,1.021732
8230,1.169774,1.246544
8230,1.169774,1.246544
8240,1.168369,0.993928
8240,1.168369,0.993928
8250,1.011987,0.949915
8250,1.011987,0.949915
8260,1.159304,0.937932
8260,1.159304,0.937932
8270,1.129769,0.989802
8270,1.129769,0.989802
8280,1.117593,0.995977
8280,1.117593,0.995977
8290,1.061638,0.944388
8290,1.061638,0.944388
8300,1.155067,1.155683
8300,1.155067,1.155683
8310,1.123023,1.078345
8310,1.123023,1.078345
8320,1.168157,1.177863
8320,1.168157,1.177863
8330,1.112460,1.164034
8330,1.112460,1.164034
8340,1.181161,0.958743
8340,1.181161,0.958743
8350,1.144312,1.054170
8350,1.144312,1.054170
8360,1.126689,1.199242
8360,1.126689,1.199242
8370,1.099183,1.171613
8370,1.099183,1.171613
8380,1.190904,0.985995
8380,1.190904,0.985995
8390,1.263283,0.950263
8390,1.263283,0.950263
8400,1.131409,1.105891
8400,1.131409,1.105891
8410,1.331082,1.254389
8410,1.331082,1.254389
8420,1.109921,1.185088
8420,1.109921,1.185088
8430,1.108063,1.230063
8430,1.108063,1.230063
8440,1.124678,1.522095
8440,1.124678,1.522095
8450,1.154131,1.259202
8450,1.154131,1.259202
8460,1.165640,1.253437
8460,1.165640,1.253437
8470,1.123820,1.225134
8470,1.123820,1.225134
8480,1.222593,1.062290
8480,1.222593,1.062290
8490,1.169527,1.128615
8490,1.169527,1.128615
8500,1.032472,1.166556
8500,1.032472,1.166556
8510,1.213867,1.140522
8510,1.213867,1.140522
8520,1.190516,1.259202
8520,1.190516,1.259202
8530,1.146013,1.170233
8530,1.146013,1.170233
8540,1.108658,1.176699
8540,1.108658,1.176699
8550,1.152789,1.247216
8550,1.152789,1.247216
8560,1.140539,0.844918
8560,1.140539,0.844918
8570,1.132532,1.039150
8570,1.132532,1.039150
8580,1.157947,1.090674
8580,1.157947,1.090674
8590,1.157936,1.280427
8590,1.157936,1.280427
8600,1.269903,1.138922
8600,1.269903,1.138922
8610,1.237768,1.180731
8610,1.237768,1.180731
8620,1.090426,1.169332
8620,1.090426,1.169332
8630,1.171100,1.169151
8630,1.171100,1.169151
8640,1.113926,1.150112
8640,1.113926,1.150112
8650,1.209970,1.174275
8650,1.209970,1.174275
8660,1.164228,0.998802
8660,1.164228,0.998802
8670,1.098653,1.106245
8670,1.098653,1.106245
8680,1.141192,1.264937
8680,1.141192,1.264937
8690,1.180980,1.273457
8690,1.180980,1.273457
8700,1.141416,1.149196
8700,1.141416,1.149196
8710,1.137287,1.173967
8710,1.137287,1.173967
8720,1.100520,1.031322
8720,1.100520,1.031322
8730,1.154548,1.200846
8730,1.154548,1.200846
8740,1.163140,1.218948
8740,1.163140,1.218948
8750,1.174212,1.134654
8750,1.174212,1.134654
8760,1.160320,1.258583
8760,1.160320,1.258583
8770,1.196163,1.230795
8770,1.196163,1.230795
8780,1.182508,1.222558
8780,1.182508,1.222558
8790,1.123644,1.132107
8790,1.123644,1.132107
8800,1.105360,1.259457
8800,1.105360,1.259457
8810,1.081931,1.302303
8810,1.081931,1.302303
8820,1.142260,1.180380
8820,1.142260,1.180380
8830,1.129102,1.216050
8830,1.129102,1.216050
8840,1.181153,1.085336
8840,1.181153,1.085336
8850,1.138593,1.258934
8850,1.138593,1.258934
8860,1.150178,1.174794
8860,1.150178,1.174794
8870,1.188330,1.317621
8870,1.188330,1.317621
8880,1.113352,1.283148
8880,1.113352,1.283148
8890,1.141191,1.229369
8890,1.141191,1.229369
8900,1.181791,1.084932
8900,1.181791,1.084932
8910,1.174600,1.238682
8910,1.174600,1.238682
8920,1.148959,1.286977
8920,1.148959,1.286977
8930,1.281022,0.972492
8930,1.281022,0.972492
8940,1.091222,1.186617
8940,1.091222,1.186617
8950,1.191381,1.065494
8950,1.191381,1.065494
8960,1.110519,1.098251
8960,1.110519,1.098251
8970,1.059177,1.115398
8970,1.059177,1.115398
8980,1.229944,0.954548
8980,1.229944,0.954548
8990,1.227217,1.080355
8990,1.227217,1.080355
9000,1.210248,1.275627
9000,1.210248,1.275627
9010,1.228610,1.551319
9010,1.228610,1.551319
9020,1.251607,1.404570
9020,1.251607,1.404570
9030,1.170179,1.111190
9030,1.170179,1.111190
9040,1.176311,1.082595
9040,1.176311,1.082595
9050,1.171668,1.012123
9050,1.171668,1.012123
9060,1.255030,1.109798
9060,1.255030,1.109798
9070,1.143982,1.182227
9070,1.143982,1.182227
9080,1.212130,1.271803
9080,1.212130,1.271803
9090,1.102399,1.073206
9090,1.102399,1.073206
9100,1.095438,1.218642
9100,1.095438,1.218642
9110,1.116336,1.181156
9110,1.116336,1.181156
9120,1.203303,1.041162
9120,1.203303,1.041162
9130,1.161344,1.216552
9130,1.161344,1.216552
9140,1.111133,1.133390
9140,1.111133,1.133390
9150,1.235307,1.177352
9150,1.235307,1.177352
9160,1.167829,1.078310
9160,1.167829,1.078310
9170,1.168014,1.068513
9170,1.168014,1.068513
9180,1.171580,1.133022
9180,1.171580,1.133022
9190,1.118680,1.324634
9190,1.118680,1.324634
9200,1.198114,1.058881
9200,1.198114,1.058881
9210,1.069518,1.324449
9210,1.069518,1.324449
9220,1.163632,1.063025
9220,1.163632,1.063025
9230,1.177817,1.276375
9230,1.177817,1.276375
9240,1.130721,1.013788
9240,1.130721,1.013788
9250,1.175877,1.211775
9250,1.175877,1.211775
9260,1.147018,1.248132
9260,1.147018,1.248132
9270,1.159699,1.234389
9270,1.159699,1.234389
9280,1.194749,1.383897
9280,1.194749,1.383897
9290,1.128271,1.066628
9290,1.128271,1.066628
9300,1.171176,1.023357
9300,1.171176,1.023357
9310,1.180503,0.952133
9310,1.180503,0.952133
9320,1.224505,1.238962
9320,1.224505,1.238962
9330,1.288154,1.247924
9330,1.288154,1.247924
9340,1.178705,1.066497
9340,1.178705,1.066497
9350,0.896027,0.896023
9350,0.896027,0.896023
9360,1.208944,1.145767
9360,1.208944,1.145767
9370,1.042583,1.092265
9370,1.042583,1.092265
9380,1.171126,1.296206
9380,1.171126,1.296206
9390,1.166961,1.217763
9390,1.166961,1.217763
9400,1.143015,1.374116
9400,1.143015,1.374116
9410,1.197540,1.278061
9410,1.197540,1.278061
9420,1.210527,1.310012
9420,1.210527,1.310012
9430,1.068023,1.047501
9430,1.068023,1.047501
9440,1.258400,1.271265
9440,1.258400,1.271265
9450,1.154810,1.209186
9450,1.154810,1.209186
9460,1.151423,1.316002
9460,1.151423,1.316002
9470,1.157869,1.085987
9470,1.157869,1.085987
9480,1.172472,1.173147
9480,1.172472,1.173147
9490,1.222471,1.269641
9490,1.222471,1.269641
9500,1.170999,1.411383
9500,1.170999,1.411383
9510,1.152474,1.192795
9510,1.152474,1.192795
9520,1.127773,1.071248
9520,1.127773,1.071248
9530,1.200241,1.441726
9530,1.200241,1.441726
9540,1.175342,1.241901
9540,1.175342,1.241901
9550,1.141944,1.093637
9550,1.141944,1.093637
9560,1.167040,1.387090
9560,1.167040,1.387090
9570,1.144167,1.324864
9570,1.144167,1.324864
9580,1.095601,1.301831
9580,1.095601,1.301831
9590,1.144872,1.028624
9590,1.144872,1.028624
9600,1.233439,1.222889
9600,1.233439,1.222889
9610,1.119159,1.094416
9610,1.119159,1.094416
9620,1.193088,1.249339
9620,1.193088,1.249339
9630,1.172689,1.070081
9630,1.172689,1.070081
9640,1.093012,1.080491
9640,1.093012,1.080491
9650,1.112546,1.110415
9650,1.112546,1.110415
9660,1.209518,1.073856
9660,1.209518,1.073856
9670,1.223944,1.219296
9670,1.223944,1.219296
9680,1.150459,1.154340
9680,1.150459,1.154340
9690,1.168620,1.071010
9690,1.168620,1.071010
9700,1.029475,0.990112
9700,1.029475,0.990112
9710,1.157545,1.039727
9710,1.157545,1.039727
9720,1.182253,1.171741
9720,1.182253,1.171741
9730,1.130465,1.120525
9730,1.130465,1.120525
9740,1.162277,1.057060
9740,1.162277,1.057060
9750,1.132703,1.189741
9750,1.132703,1.189741
9760,1.106874,1.039583
9760,1.106874,1.039583
9770,1.222922,1.083062
9770,1.222922,1.083062
9780,1.143972,1.142749
9780,1.143972,1.142749
9790,1.226556,1.054096
9790,1.226556,1.054096
9800,1.227017,1.336852
9800,1.227017,1.336852
9810,1.176550,1.247417
9810,1.176550,1.247417
9820,1.104174,1.192162
9820,1.104174,1.192162
9830,1.132633,1.139415
9830,1.132633,1.139415
9840,1.172983,1.207591
9840,1.172983,1.207591
9850,1.270236,0.982893
9850,1.270236,0.982893
9860,1.215998,0.897580
9860,1.215998,0.897580
9870,1.140522,1.161706
9870,1.140522,1.161706
9880,1.170372,1.298942
9880,1.170372,1.298942
9890,1.118018,1.010491
9890,1.118018,1.010491
9900,1.133614,0.729341
9900,1.133614,0.729341
9910,1.233015,1.407337
9910,1.233015,1.407337
9920,1.259886,1.067685
9920,1.259886,1.067685
9930,1.183056,1.159059
9930,1.183056,1.159059
9940,1.223307,1.199447
9940,1.223307,1.199447
9950,1.154116,1.305502
9950,1.154116,1.305502
9960,1.253970,1.116072
9960,1.253970,1.116072
9970,1.356777,1.549557
9970,1.356777,1.549557
9980,1.198195,1.101851
9980,1.198195,1.101851
9990,1.221540,1.376498
9990,1.221540,1.376498
10000,1.160303,1.071567
10000,1.160303,1.071567
